Type,SKU,Name,Published,Is featured?,Visibility in catalog,Short description,Description,Regular price,Sale price,In stock?,Stock,Low stock amount,Weight (kg),Categories,Tags,Images,Attribute 1 name,Attribute 1 value(s),Attribute 1 visible,Meta: _cost
simple,CC-PHN-001,Redmi Note 13 (8GB/256GB),1,1,visible,Budget 5G smartphone with 108MP camera,"6.67in AMOLED, 5000mAh battery, 108MP main camera, 33W fast charge.",64900,59900,1,25,5,0.2,Phones,"5g,xiaomi","https://via.placeholder.com/800x800.png?text=Redmi+Note+13",Brand,Xiaomi,1,52000
simple,CC-HDP-001,Sony WH-CH520 Wireless Headphones,1,0,visible,On-ear Bluetooth headphones with 50h battery,"Up to 50 hours battery, multipoint connection, DSEE upscaling.",15900,13900,1,40,8,0.25,Headphones,"bluetooth,sony","https://via.placeholder.com/800x800.png?text=Sony+WH-CH520",Brand,Sony,1,11000
simple,CC-EAR-001,Apple AirPods (3rd gen),1,1,visible,Spatial-audio true wireless earphones,"Adaptive EQ, spatial audio, MagSafe charging case, sweat resistant.",54900,,1,30,6,0.05,Earphones,"apple,tws","https://via.placeholder.com/800x800.png?text=AirPods+3",Brand,Apple,1,47000
simple,CC-CHG-001,Anker 20W USB-C Fast Charger,1,0,visible,Compact PD wall charger,"20W Power Delivery, PowerIQ 3.0, foldable pins, universal compatibility.",3900,3200,1,80,15,0.08,Chargers,"anker,usb-c","https://via.placeholder.com/800x800.png?text=Anker+20W",Brand,Anker,1,2400
simple,CC-WCH-001,Samsung Galaxy Watch6 (44mm),1,1,visible,AMOLED smartwatch with health tracking,"Super AMOLED, BioActive sensor, sleep coaching, Wear OS.",89900,84900,1,15,3,0.1,Smartwatches,"samsung,wearos","https://via.placeholder.com/800x800.png?text=Galaxy+Watch6",Brand,Samsung,1,74000
simple,CC-PWB-001,Anker PowerCore 10000mAh Power Bank,1,0,visible,Slim 10000mAh portable charger,"10000mAh, 20W PD output, trickle-charging mode, pocket-size.",8900,7900,1,50,10,0.18,Power Banks,"anker,powerbank","https://via.placeholder.com/800x800.png?text=PowerCore+10000",Brand,Anker,1,6200
simple,CC-CSE-001,Spigen Rugged Armor Case (iPhone 15),1,0,visible,Shock-absorbing TPU case,"Air-cushion corners, carbon-fibre texture, raised bezels, matte finish.",4500,3900,1,70,12,0.04,Cases,"spigen,iphone","https://via.placeholder.com/800x800.png?text=Spigen+Rugged",Brand,Spigen,1,2800
simple,CC-CBL-001,UGREEN USB-C to USB-C Cable 2m,1,0,visible,100W fast-charge braided cable,"100W PD, 480Mbps data, nylon braided, 2 metre length.",2900,2400,1,120,20,0.06,Cables,"ugreen,usb-c","https://via.placeholder.com/800x800.png?text=UGREEN+USB-C",Brand,UGREEN,1,1600
simple,CC-ACC-001,Baseus Phone Holder for Car,1,0,visible,Dashboard magnetic mount,"Strong magnetic hold, 360-degree rotation, one-hand operation.",3200,2700,1,60,10,0.12,Accessories,"baseus,carmount","https://via.placeholder.com/800x800.png?text=Baseus+Mount",Brand,Baseus,1,1900
simple,CC-ACC-002,Tempered Glass Screen Protector (Universal 6.5in),1,0,visible,9H hardness screen guard,"9H hardness, oleophobic coating, bubble-free install, case-friendly.",900,700,1,200,30,0.02,Accessories,"screenguard","https://via.placeholder.com/800x800.png?text=Tempered+Glass",Brand,CellCraze,1,350
